,name,Chukar.Occurrence,Chukar.Occurrence.Regression
1,Abbott Butte,A,0
2,Acker Rock,A,0
3,Acty Mountain,P,1
4,Acty Mountain NE,P,1
5,Acty Mountain NW,P,1
6,Adams,P,1
7,Adel,A,0
8,Adobe Flat,P,1
9,Adrian,P,1
10,Agency Lake,A,0
11,Agness,A,0
12,Airlie North,A,0
13,Airlie South,A,0
14,Akers Butte,P,1
15,Albany,A,0
16,Alder Creek,P,1
17,Aldrich Gulch,P,1
18,Aldrich Mountain North,P,1
19,Aldrich Mountain South,P,1
20,Alec Butte,P,1
21,Alfalfa,A,0
22,Alger Lake,P,1
23,Alkali Buttes,A,0
24,Alkali Flat,A,0
25,Alkali Lake,A,0
26,Allegany,A,0
27,Alsea,A,0
28,Alsup Mountain,P,1
29,Altamont,P,1
30,Alvord Hot Springs,P,1
31,Amity,A,0
32,Ana River,A,0
33,Ancient Lake Well,P,1
34,Anderson Mountain,P,1
35,Anderson Reservoir,P,1
36,Andies Prairie,P,1
37,Andrews,P,1
38,Aneroid Mountain,P,1
39,Angell Butte,A,0
40,Ankle Creek,P,1
41,Anns Butte,A,0
42,Antelope,A,0
43,Antelope Butte,P,1
44,Antelope Mountain,A,0
45,Antelope Reservoir,P,1
46,Anthony Butte,P,1
47,Anthony Lakes,P,1
48,Antler Point,A,0
49,Antone,A,0
50,Applegate,A,0
51,Applegate Butte,A,0
52,Arbuckle Mountain,P,1
53,Arch Cape,A,0
54,Arkansas Flat,A,0
55,Arlington,A,0
56,Arock,P,1
57,Arrastra Butte,A,0
58,Arrowwood Point,A,0
59,Ashland,A,0
60,Ashwood,A,0
61,Aspen Lake,A,0
62,Astoria,A,0
63,Athena,P,1
64,Austin,P,1
65,Avery Creek,P,1
66,Axehandle Butte,A,0
67,Bacona,A,0
68,Badger Lake,A,0
69,Bagby Hot Springs,A,0
70,Baker City,P,1
71,Baker Point,A,0
72,Baldy Mountain,A,0
73,Balls Lake,P,1
74,Ballston,A,0
75,Bally Mountain,P,1
76,Balm Canyon,P,1
77,Balm Creek Reservoir,P,1
78,Bandon,A,0
79,Bannock Ridge,P,1
80,Barklow Mountain,A,0
81,Barnes Valley,A,0
82,Barnhart,P,1
83,Barrel Springs,P,1
84,Bartlett Mountain,P,1
85,Barton Lake,P,1
86,Basque,P,1
87,Bassey Creek,P,1
88,Bates,P,1
89,Bath Canyon,A,0
90,Battle Ax,A,0
91,Battle Creek Ranch,P,1
92,Battle Mountain,P,1
93,Bear Butte,A,0
94,Bear Canyon Butte,P,1
95,Bearbones Mountain,A,0
96,Beatty,A,0
97,Beatys Butte,P,1
98,Beatys Butte NW,P,1
99,Beaver,A,0
100,Beaver Butte,A,0
101,Beaver Charlie Breaks,P,1
102,Beaver Creek,A,0
103,Beaver Mountain,A,0
104,Beaverdam Creek,P,1
105,Beaverton,A,0
106,Becker Creek,P,1
107,Bedford Point,A,0
108,Belknap Springs,A,0
109,Belshaw Meadows,P,1
110,Bend,A,0
111,Bend Airport,A,0
112,Benham Falls,A,0
113,Benjamin Lake,A,0
114,Bennet Peak,P,1
115,Beulah,P,1
116,Big Baldy,A,0
117,Big Butte Springs,A,0
118,Big Canyon,P,1
119,Big Craggies,A,0
120,Big Hole,A,0
121,Big Lookout Mountain,P,1
122,Big Meadows,P,1
123,Big Mowich Mountain,P,1
124,Big Mud Flat,P,1
125,Big Pasture Creek,P,1
126,Big Rock Flat,P,1
127,Big Spring Butte,P,1
128,Big Weasel Springs,P,1
129,Biggs Junction,A,0
130,Bill Peak,A,0
131,Billy Meadows,P,1
132,Bingham Springs,P,1
133,Birch Creek Meadow,P,1
134,Birkenfeld,A,0
135,Biscuit Hill,A,0
136,Biscuit Point,A,0
137,Black Butte,A,0
138,Black Crater,A,0
139,Black Rock Springs,P,1
140,Blaine,A,0
141,Blair Lake,A,0
142,Blalock Mountain,P,1
143,Blitzen,P,1
144,Blitzen NW,P,1
145,Blitzen SW,P,1
146,Blizzard Gap,P,1
147,Blue Canyon,P,1
148,Blue Mountain,A,0
149,Blue Mountain Basin,P,1
150,Blue Mountain Pass,P,1
151,Blue River,A,0
152,Bluejoint Lake East,P,1
153,Bluejoint Lake West,P,1
154,Bly,A,0
155,Boardman,P,1
156,Bog Hot Springs,P,1
157,Boghole Spring,P,1
158,Bogus Bench,P,1
159,Bologna Basin,P,1
160,Bonanza,A,0
161,Bone Mountain,A,0
162,Bone Spring,P,1
163,Bonneville Dam,A,0
164,Borax Lake,P,1
165,Bosley Butte,A,0
166,Boswell Mountain,A,0
167,Boulder Butte,P,1
168,Boulder Lake,A,0
169,Bourne,P,1
170,Bowden Ranch,P,1
171,Bowden Waterhole,P,1
172,Bowen Valley,P,1
173,Bowlus Hill,P,1
174,Bowman Dam,A,0
175,Brady Butte,A,0
176,Brady Creek,P,1
177,Brandy Peak,A,0
178,Brannan Gulch,P,1
179,Breitenbush Hot Springs,A,0
180,Bretz Mine,P,1
181,Brewer Reservoir,A,0
182,Brewster Reservoir,P,1
183,Bridal Veil,A,0
184,Bridge,A,0
185,Bridge Creek,P,1
186,Bridge Creek Draw,A,0
187,Bridgeport,P,1
188,Brightwood,A,0
189,Brogan,P,1
190,Broken Rib Mountain,A,0
191,Broken Top,A,0
192,Bronx Canyon,A,0
193,Brookings,A,0
194,Brothers,A,0
195,Brothers SW,A,0
196,Brown Creek,A,0
197,Brown Mountain,A,0
198,Brownlee Dam,P,1
199,Brownsboro,A,0
200,Brownsville,A,0
201,Brushy Bald Mountain,A,0
202,Bryant Mountain,P,1
203,Buchanan,P,1
204,Buck Butte,A,0
205,Buck Spring,P,1
206,Buck Trough Spring,P,1
207,Buckbrush Creek,P,1
208,Buckeye Lake,A,0
209,Buckhorn Canyon,A,0
210,Buckhorn Springs,A,0
211,Buckskin Peak,A,0
212,Buffalo Well,A,0
213,Bulger Ridge,A,0
214,Bull Lake,A,0
215,Bull of the Woods,A,0
216,Bull Run,A,0
217,Bull Run Lake,A,0
218,Bullards,A,0
219,Bullock Gulch,P,1
220,Bullrun Rock,P,1
221,Bunker Creek,A,0
222,Burn Butte,A,0
223,Burns,P,1
224,Burns Butte,P,1
225,Burns Junction,P,1
226,Burns NW,P,1
227,Burnt Flat,P,1
228,Burnt Mountain,A,0
229,Buroker,P,1
230,Butler Butte,A,0
231,Butler Hill,P,1
232,Butte Falls,A,0
233,Butter Creek Junction,P,1
234,Buttermilk Canyon,A,0
235,Buttes of the Gods,A,0
236,Buxton,A,0
237,Cabbage Hill,P,1
238,Cabin Lake,A,0
239,Cactus Mountain,P,1
240,Cadle Butte,A,0
241,Cairo,P,1
242,Calamity Butte,P,1
243,Calderwood Reservoir,P,1
244,Calf Ranch Mountain,A,0
245,Calico Butte,P,1
246,Calimus Butte,A,0
247,Callahan,A,0
248,Camas,A,0
249,Camas Valley,A,0
250,Camp Currey Spring,P,1
251,Campbell Lake,P,1
252,Campbell Reservoir,A,0
253,Canby,A,0
254,Candle Creek,A,0
255,Cannibal Mountain,A,0
256,Canyon Mountain,P,1
257,Canyonville,A,0
258,Cape Arago,A,0
259,Cape Blanco,A,0
260,Cape Sebastian,A,0
261,Capehart Lake,P,1
262,Carberry Creek,A,0
263,Carlton,A,0
264,Carney Butte,P,1
265,Carpenter Mountain,A,0
266,Carpenterville,A,0
267,Carr Butte,A,0
268,Carson,A,0
269,Carson Point,P,1
270,Cascade Gorge,A,0
271,Cascadia,A,0
272,Castle Creek,P,1
273,Castle Rock,P,1
274,Cathlamet,A,0
275,Cathlamet Bay,A,0
276,Catnip Canyon,P,1
277,Cave Junction,A,0
278,Caviatta Ridge,P,1
279,Cayuse,P,1
280,Cecil,A,0
281,Cedar Butte,A,0
282,Cedar Creek,A,0
283,Cedar Mountain,P,1
284,Cedar Springs Mountain,A,0
285,Chandler Mountain,A,0
286,Chapin Creek,P,1
287,Chapman,A,0
288,Charleston,A,0
289,Chemult,A,0
290,Cherryville,A,0
291,Cheshire,A,0
292,Chetco Peak,A,0
293,Chicago Valley,A,0
294,Chicken Hills,A,0
295,Chicken Spring,P,1
296,Chief Joseph Mountain,P,1
297,Chilcoot Mountain,A,0
298,Chiloquin,A,0
299,Chimney Peak,A,0
300,Chimney Rock,P,1
301,Chimney Springs,A,0
302,China Cap,P,1
303,China Flat,A,0
304,China Hat,A,0
305,Chipmunk Basin,P,1
306,Chipmunk Ridge,A,0
307,Christmas Lake,A,0
308,Christmas Valley,A,0
309,Chrome Ridge,A,0
310,Chucksney Mountain,A,0
311,Circle Bar,P,1
312,Clarke,P,1
313,Clarno,A,0
314,Clatskanie,A,0
315,Clay Creek,A,0
316,Clear Creek,A,0
317,Clear Lake,A,0
318,Clear Lake Ridge,P,1
319,Cleveland Ridge,A,0
320,Clevenger Butte,P,1
321,Cline Falls,A,0
322,Clover Creek Ranch,P,1
323,Clover Flat,A,0
324,Clover Swale,P,1
325,Coal Creek,A,0
326,Coburg,A,0
327,Cochran,A,0
328,Coffeepot Creek,A,0
329,Coffin Butte,P,1
330,Coffin Mountain,A,0
331,Coglan Buttes,A,0
332,Coglan Buttes NE,A,0
333,Coglan Buttes SE,A,0
334,Coleman Canyon,P,1
335,Coleman Hills,A,0
336,Coleman Lake,P,1
337,Coleman Mountain,P,1
338,Coleman Point,A,0
339,College Place,P,1
340,Collier Butte,A,0
341,Collins Butte,P,1
342,Collins Rim,P,1
343,Colony Ranch,P,1
344,Colton,A,0
345,Comegys Lake,P,1
346,Committee Creek,A,0
347,Commodore Ridge,A,0
348,Conant Basin,A,0
349,Condon,A,0
350,Conley,P,1
351,Connor Creek,P,1
352,Cook Creek,A,0
353,Cooks Mountain,A,0
354,Coombs Canyon,P,1
355,Cooper Draw,A,0
356,Coos Bay,A,0
357,Coos Mountain,A,0
358,Copeland Reservoirs,P,1
359,Coquille,A,0
360,Cordero Mine,P,1
361,Corn Lake,A,0
362,Cornucopia,P,1
363,Corporation Rim,A,0
364,Corvallis,A,0
365,Cottage Grove,A,0
366,Cottage Grove Lake,A,0
367,Cottonwood Reservoir,P,1
368,Cougar Mountain,A,0
369,Cougar Peak,A,0
370,Cougar Reservoir,A,0
371,Cougar Rock,P,1
372,Courthouse Rock,P,1
373,Cove,P,1
374,Cow Lakes,P,1
375,Cow Valley East,P,1
376,Cow Valley West,P,1
377,Cowhorn Mountain,A,0
378,Cox Canyon,A,0
379,Cox Flat,A,0
380,Coyote Buttes,P,1
381,Coyote Gap,P,1
382,Coyote Gap SE,P,1
383,Coyote Lake East,P,1
384,Coyote Lake West,P,1
385,Coyote Meadows,P,1
386,Crabtree,A,0
387,Crack In The Ground,A,0
388,Craft Point,P,1
389,Craig Mountain,P,1
390,Crane,P,1
391,Crane Creek,P,1
392,Crane Mountain,P,1
393,Crane Prairie,P,1
394,Crane Prairie Reservoir,A,0
395,Crater Lake East,A,0
396,Crater Lake West,A,0
397,Crawfish Lake,P,1
398,Crawfordsville,A,0
399,Crescent,A,0
400,Crescent Lake,A,0
401,Crescent NE,A,0
402,Creswell,A,0
403,Cricket Flat,P,1
404,Criterion,A,0
405,Crook Peak,A,0
406,Crooked Creek Valley,A,0
407,Crow,A,0
408,Crow Butte,P,1
409,Crowley,P,1
410,Crump Lake,P,1
411,Cryder Butte,A,0
412,Crystal Spring,A,0
413,Cuddy Mountain,P,1
414,Culp Creek,A,0
415,Culver,A,0
416,Cummins Peak,A,0
417,Cuprum,P,1
418,Curtin,A,0
419,Dairy,P,1
420,Dale,P,1
421,Dallas,A,0
422,Dalreed Butte,A,0
423,Daly Creek,P,1
424,Damascus,A,0
425,Daniels Creek,A,0
426,Danner,P,1
427,Dant,A,0
428,Davis Mountain,A,0
429,Day Basin,P,1
430,Days Creek,A,0
431,Dayton,A,0
432,Dayville,P,1
433,De Armond Mountain,P,1
434,De Bord Peaks,P,1
435,Deacon Crossing,P,1
436,Dead Dog Canyon,A,0
437,Deadhorse Ridge,P,1
438,Deadman Mountain,A,0
439,Deadman Peak,P,1
472,Deardorff Mountain,P,1
473,Dee,A,0
474,Deep Creek,P,1
475,Deer Flat,P,1
476,Deer Head Point,A,0
477,Deer Island,A,0
478,Deerhorn Creek,P,1
479,Defeat Butte,P,1
480,Degner Canyon,A,0
481,Delena,A,0
482,Delintment Lake,P,1
483,Dement Creek,A,0
484,Denio,P,1
485,Depoe Bay,A,0
486,Derr Meadows,A,0
487,Desolation Butte,P,1
488,Detroit,A,0
489,Devils Backbone,A,0
490,Devils Gap,A,0
491,Devils Graveyard,A,0
492,Devils Heel,P,1
493,Devils Lake,A,0
494,Devils Peak,A,0
495,Devine Ridge North,P,1
496,Devine Ridge South,P,1
497,Diablo Peak,A,0
498,Diamond,P,1
499,Diamond Butte,P,1
500,Diamond Lake,A,0
501,Diamond Swamp,P,1
502,Diatomite Reservoir,A,0
503,Dickerson Flat,A,0
504,Digger Mountain,A,0
505,Disaster Peak,P,1
506,Dixie Meadows,P,1
507,Dixie Mountain,A,0
508,Dixonville,A,0
509,Dodson Butte,A,0
510,Dog Lake,A,0
511,Dog Mountain,P,1
512,Dog River,A,0
513,Dollar Basin,P,1
514,Dolph,A,0
515,Donaldson Creek,P,1
516,Donnelly Butte,P,1
517,Donnybrook,A,0
518,Dooley Mountain,P,1
519,Doolittle Creek,P,1
520,Dora,A,0
521,Dorena Lake,A,0
522,Dorris,P,1
523,Double Mountain,P,1
524,Dovre Peak,A,0
525,Dowell Butte,P,1
526,Downey Canyon,P,1
527,Drain,A,0
528,Drake Butte,A,0
529,Drake Crossing,A,0
530,Drake Peak,A,0
531,Drake Peak NE,A,0
532,Drews Gap,A,0
533,Drews Reservoir,A,0
534,Drewsey,P,1
535,Drinkwater Pass,P,1
536,Drumhill Ridge,P,1
537,Drummond Basin,P,1
538,Dry Creek Bench,P,1
539,Dry Creek Rim,P,1
540,Dry Mountain,P,1
541,Dry Prairie,A,0
542,Dry Valley Rim,P,1
543,Duck Creek,P,1
544,Duck Creek Butte,P,1
545,Dufur East,A,0
546,Dufur West,A,0
547,Duhaime Flat East,P,1
548,Duhaime Flat West,P,1
549,Dumont Creek,A,0
550,Duncan,P,1
551,Duncan Reservoir,A,0
552,Dundee,A,0
553,Dunnean,P,1
554,Durkee,P,1
555,Dust Bowl,A,0
556,Dutchman Butte,A,0
557,Dutchman Creek,A,0
558,Dutchman Peak,A,0
559,Eagle Butte,A,0
560,Eagle Cap,P,1
561,Eagle Point,A,0
562,Eagle Rock,A,0
563,East Lake,A,0
564,Echo,P,1
565,Echo Mountain,A,0
566,Echo SE,P,1
567,Echo SW,P,1
568,Eddyville,A,0
569,Eden,P,1
570,Eden Valley,A,0
571,Egli Rim,A,0
572,Egypt Canyon,P,1
573,Eight Dollar Mountain,A,0
574,Eightmile,A,0
575,Elbow Creek,P,1
576,Eldorado Pass,P,1
577,Elgin,P,1
578,Elk Butte,A,0
579,Elk City,A,0
580,Elk Lake,A,0
581,Elk Mountain,P,1
582,Elk Mountain SE,P,1
583,Elk Peak,A,0
584,Elk Prairie,A,0
585,Elkhorn,A,0
586,Elkhorn Peak,P,1
587,Elkton,A,0
588,Ella,P,1
589,Elsie,A,0
590,Elwood,A,0
591,Emerson,A,0
592,Emigrant Butte,A,0
593,Emigrant Lake,A,0
594,Empire,A,0
595,Encina,P,1
596,Enterprise,P,1
597,Erskine,A,0
598,Esau Canyon,A,0
599,Estacada,A,0
600,Euchre Mountain,A,0
601,Eugene East,A,0
602,Eugene West,A,0
603,Evans,P,1
604,Evans Well,A,0
605,Fairdale,A,0
606,Fairview Peak,A,0
607,Fall Creek Lake,A,0
608,Fall Mountain,P,1
609,Falls City,A,0
610,Fandango Canyon,A,0
611,Fanno Ridge,A,0
612,Farmers Butte,A,0
613,Father Mountain,A,0
614,Ferguson Mountain,A,0
615,Fernwood,A,0
616,Fields,P,1
617,Fields Basin,P,1
618,Figurehead Mountain,A,0
619,Findley Buttes,P,1
620,Fingerboard Saddle,P,1
621,Finley Butte,A,0
622,Fire Lake,A,0
623,Firestone Butte,A,0
624,Fish Creek Desert,A,0
625,Fish Creek Mountain,A,0
626,Fish Fin Rim,P,1
627,Fish Lake,P,1
628,Fish Mountain,A,0
629,Fitzwater Point,P,1
630,Five Hundred Flat,P,1
631,Five Rivers,A,0
632,Fivemile Butte,A,0
633,Fivemile Creek,A,0
634,Flag Point,A,0
635,Flag Prairie,P,1
636,Flagstaff Butte,P,1
637,Flagstaff Lake,P,1
638,Flagtail Mountain,P,1
639,Flat Mountain,A,0
640,Flat Top Mountain,P,1
641,Flat Top Mountain SE,P,1
642,Flook Lake,P,1
643,Flora,P,1
644,Floras Lake,A,0
645,Florence,A,0
646,Flowers Gulch,P,1
647,Fly Creek,A,0
648,Fly Valley,P,1
649,Flybee Lake,P,1
650,Foley Butte,A,0
651,Foley Peak,A,0
652,Folly Farm,P,1
653,Foreman Point,A,0
654,Forest Grove,A,0
655,Forked Horn Butte,A,0
656,Fort Butte,A,0
657,Fort Klamath,A,0
658,Fort Rock,A,0
659,Fossil Lake,A,0
660,Fossil North,A,0
661,Fossil South,A,0
662,Foster Butte,A,0
663,Fourth of July Creek,A,0
664,Fox,P,1
665,Fox Butte,A,0
666,Fox Hollow,A,0
667,Fox Point,P,1
668,Franklin Hill,P,1
669,Frederick Butte,A,0
670,Freezeout Ridge,P,1
671,Fremont Point,A,0
672,French Gulch,P,1
673,French Mountain,A,0
674,Frenchglen,P,1
675,Friend,A,0
676,Frog Hollow,A,0
677,Fry Meadow,P,1
678,Fuego,A,0
679,Fuego Mountain,A,0
680,Funny Butte,P,1
681,Fuzztail Butte,A,0
682,G I Ranch,A,0
683,Gales Creek,A,0
684,Galice,A,0
685,Garden Valley,A,0
686,Garibaldi,A,0
687,Garrison Lake,P,1
688,Garwood Butte,A,0
689,Gasset Bluff,P,1
690,Gaston,A,0
691,Gateway,A,0
692,Gawley Creek,A,0
693,Gearhart,A,0
694,Gearhart Mountain,A,0
695,Gerber Reservoir,A,0
696,Gerow Butte,A,0
697,Gerry Mountain,A,0
698,Gervais,A,0
699,Gibbon,P,1
700,Gladstone,A,0
701,Glasgow Butte,P,1
702,Glass Butte,A,0
703,Glass Hill,P,1
704,Gleason Butte,P,1
705,Glenbrook,A,0
706,Glendale,A,0
707,Glide,A,0
708,Goat Point,A,0
709,Gobblers Knob,A,0
710,Godman Spring,P,1
711,Gold Beach,A,0
712,Gold Hill,A,0
713,Golden,A,0
714,Golden Falls,A,0
715,Golgotha Butte,A,0
716,Goodlow Mountain,A,0
717,Goodrich Well,A,0
718,Goodwin Peak,A,0
719,Goose Egg Butte,P,1
720,Goose Pasture,A,0
721,Gooseberry,A,0
722,Gordon Lake,A,0
723,Government Camp,A,0
724,Grand Ronde,A,0
725,Granite,P,1
726,Granite Meadows,P,1
727,Grants Pass,A,0
728,Grass Mountain,A,0
729,Grass Valley,A,0
730,Grass Well,A,0
731,Grasshopper Flat North,P,1
732,Grasshopper Flat South,P,1
733,Grasshopper Mountain,A,0
734,Grassy Mountain,P,1
735,Grassy Ridge Well,P,1
736,Grave Point,P,1
737,Graveyard Point,P,1
738,Gray Butte,A,0
739,Grayback Mountain,A,0
740,Graylock Butte,P,1
741,Green Mountain,A,0
742,Green Peter,A,0
743,Greenberry,A,0
744,Greenhorn,P,1
745,Greenleaf,A,0
746,Greenwood Butte,P,1
747,Grizzly Mountain,A,0
748,Grizzly Peak,A,0
749,Groan Canyon,P,1
750,Groundhog Mountain,A,0
751,Guadalupe Meadows,P,1
752,Guano Lake,P,1
753,Guano Reservoir,P,1
754,Gumboot Butte,P,1
755,Gunter,A,0
756,Gurdane,P,1
757,Gwendolen,A,0
758,Haas Hollow,P,1
759,Hager Mountain,A,0
760,Haines,P,1
761,Halfway,P,1
762,Halsey,A,0
763,Hamaker Butte,A,0
764,Hamaker Mountain,P,1
765,Hamelton Butte,A,0
766,Hamilton,P,1
767,Hamlet,A,0
768,Hamner Butte,A,0
769,Hampton,A,0
770,Hampton Butte,A,0
771,Happy Valley,P,1
772,Hardin Ranch,A,0
773,Hardman,P,1
774,Harl Butte,P,1
775,Harlan,A,0
776,Harmony,A,0
777,Harness Mountain,A,0
778,Harney,P,1
779,Harper,P,1
780,Harrington Creek,A,0
781,Harrisburg,A,0
782,Hart Lake,P,1
783,Harter Mountain,A,0
784,Harvey Creek,A,0
785,Harvey Mountain,A,0
786,Hastings Peak,A,0
787,Hat Butte,A,0
788,Hat Point,P,1
789,Hat Rock,P,1
790,Hatfield,P,1
791,Hawks Mountain,P,1
792,Hay Lake,A,0
793,Hebo,A,0
794,Heceta Head,A,0
795,Hehe Butte,A,0
796,Helix,P,1
797,Hellion Rapids,A,0
798,Henkle Butte,A,0
799,Henley Basin,P,1
800,Henry Gulch,P,1
801,Hensley Butte,A,0
802,Heppner,P,1
803,Heppner Junction,A,0
804,Hereford,P,1
805,Herman Creek,A,0
806,Hermiston,P,1
807,Hickey Basin,P,1
808,Hickland Butte,A,0
809,Hickman Butte,A,0
810,Hicks Spring,P,1
811,High Divide,A,0
812,High Plateau Mountain,A,0
813,High Point,A,0
814,High Rock,A,0
815,Hilgard,P,1
816,Hillsboro,A,0
817,Hinkle Creek,A,0
818,Hobson Horn,A,0
819,Hogback Butte,A,0
820,Holdman,P,1
821,Holdman SE,P,1
822,Hole In The Ground,A,0
823,Holland,A,0
824,Holland Point,A,0
825,Holloway Mountain,P,1
826,Holmes Canyon,P,1
827,Home Creek Butte,P,1
828,Homestead,P,1
829,Hood River,A,0
830,Hoodlum Canyon,P,1
831,Hooker Creek,P,1
832,Hope Butte,P,1
833,Hoppin Springs,P,1
834,Horn Butte,A,0
835,Horse Butte,A,0
836,Horse Heaven Creek,A,0
837,Horse Mountain,A,0
838,Horse Prairie,A,0
839,Horse Ridge,A,0
840,Horse Sign Butte,A,0
841,Horsefly Mountain,A,0
842,Horseshoe Bend,A,0
843,Horton,A,0
844,House Butte,P,1
845,Houston Lake,A,0
846,Howard Bay,A,0
847,Howard Butte,P,1
848,Huckleberry Mountain,A,0
849,Hughet Spring,P,1
850,Hughet Valley,P,1
851,Hunter Mountain,P,1
852,Huntington,P,1
853,Hurley Flat,P,1
854,Huron,P,1
855,Hyatt Reservoir,A,0
856,Ibex Butte,A,0
857,Idanha,A,0
858,Igo Butte,A,0
859,Illahe,A,0
860,Illahee Rock,A,0
861,Imbler,P,1
862,Imnaha,P,1
863,Imnaha Creek,A,0
864,Imperial Valley North,A,0
865,Imperial Valley South,A,0
866,Indian Butte,A,0
867,Indian Cove,A,0
868,Indian Fort,P,1
869,Indian Head,A,0
870,Indian Spring,A,0
871,Ione North,P,1
872,Ione South,A,0
873,Irish Lake,P,1
874,Irish Mountain,A,0
875,Iron Mountain,P,1
876,Iron Mountain Flat,P,1
877,Ironside,P,1
878,Irrigon,P,1
879,Isham Creek,P,1
880,Ivers Peak,A,0
881,Izee,P,1
882,Jackass Butte,P,1
883,Jackass Butte NE,P,1
884,Jackies Butte,P,1
885,Jacks Place,A,0
886,Jackson Summit,P,1
887,Jacobs Reservoir,P,1
888,Jamieson,P,1
889,Jasper,A,0
890,Jaynes Ridge,P,1
891,Jennies Peak,A,0
892,Jim Creek Butte,P,1
893,Jim White Ridge,P,1
894,Jimtown,P,1
895,John Day,P,1
896,Johnny Cake Mountain,P,1
897,Johnny Creek Spring,P,1
898,Johnny Creek SW,P,1
899,Johnson Heights,A,0
900,Johnson Saddle,P,1
901,Jonesboro,P,1
902,Jordan,A,0
903,Jordan Craters North,P,1
904,Jordan Craters South,P,1
905,Jordan Creek,A,0
906,Jordan Meadow NW,P,1
907,Jordan Valley,P,1
908,Joseph,P,1
909,Joseph NW,P,1
910,Josephine Mountain,A,0
911,Jubilee Lake,P,1
912,Jump-Off Joe Mountain,P,1
913,Junction City,A,0
914,Juniper,P,1
915,Juniper Canyon,P,1
916,Juniper Lake,P,1
917,Juniper Mountain,A,0
918,Juniper Point,P,1
919,Juniper Ridge,P,1
920,Juntura,P,1
921,Kalama,A,0
922,Kamela SE,P,1
923,Kane Spring Gulch,P,1
924,Kaskela,A,0
925,Keating,P,1
926,Keating NW,P,1
927,Keel Mountain,A,0
928,Keeney Point,P,1
929,Keeney Ridge,P,1
930,Keg Springs Valley East,P,1
931,Keg Springs Valley West,P,1
932,Kellogg,A,0
933,Kelly Butte,A,0
934,Kelsay Butte,P,1
935,Kelsey Butte,A,0
936,Kelsey Peak,A,0
937,Kelso,A,0
938,Keno,A,0
939,Kent,A,0
940,Kenyon Mountain,A,0
941,Kerby Peak,A,0
942,Ketchum Reservoir,A,0
943,Keyes Mountain,A,0
944,Keys Creek,A,0
945,Kilchis River,A,0
946,Kimberly,P,1
947,King Mountain,A,0
948,Kings Valley,A,0
949,Kinney Lake,P,1
950,Kinzua,A,0
951,Kirkwood Creek,P,1
952,Klamath Falls,P,1
953,Klondike,A,0
954,Kloster Mountain,A,0
955,Knappa,A,0
956,Knox Mountain,P,1
957,Kooskooskie,P,1
958,Krag Peak,P,1
959,Krumbo Reservoir,P,1
960,Krumbo Ridge,P,1
961,La Grande Reservoir,P,1
962,La Grande SE,P,1
963,La Pine,A,0
964,Lacomb,A,0
965,Ladycomb Peak,P,1
966,Lake Abert North,A,0
967,Lake Abert South,A,0
968,Lake Annie,P,1
969,Lake of the Woods North,A,0
970,Lake of the Woods South,A,0
971,Lake on the Trail,P,1
972,Lake Oswego,A,0
973,Lake Penland,P,1
974,Lakecreek,A,0
975,Lakeside,A,0
976,Lakeview,A,0
977,Lakeview Airport,A,0
978,Lambert Rocks,P,1
979,Lambing Canyon,P,1
980,Landing Creek,P,1
981,Lane Lake,A,0
982,Lane Mountain,A,0
983,Langell Valley,A,0
984,Langlois,A,0
985,Last Chance Lake,A,0
986,Laurel Mountain,A,0
987,Laurelwood,A,0
988,Lava Butte,A,0
989,Lava Cast Forest,A,0
990,Lawen,P,1
991,Lawhead Creek,A,0
992,Lawrence Creek,P,1
993,Lawson Mountain,A,0
994,Leaburg,A,0
995,Lebanon,A,0
996,Lee Thomas Crossing,A,0
997,Lefevre Prairie,P,1
998,Lehman Springs,P,1
999,Lemolo Lake,A,0
1000,Lena,P,1
1001,Lenz,A,0
1002,Letz Creek,A,0
1003,Lewis Creek,P,1
1004,Lewisburg,A,0
1005,Lexington,P,1
1006,Lick Creek,P,1
1007,Liggett Table,A,0
1008,Limber Jim Creek,P,1
1009,Lime,P,1
1010,Lincoln City,A,0
1011,Linnton,A,0
1012,Linton Lake,A,0
1013,Lionshead,A,0
1014,Little Baldy Mountain,P,1
1015,Little Beaver Creek,P,1
1016,Little Black Canyon,P,1
1017,Little Catherine Creek,P,1
1018,Little Chinquapin Mountain,A,0
1019,Little Coleman Canyon,P,1
1020,Little Grassy Mountain,P,1
1021,Little Honey Creek,A,0
1022,Little Juniper Mountain,A,0
1023,Little Juniper Spring,P,1
1024,Little Lookout Mountain,P,1
1025,Little Squaw Back,A,0
1026,Little Summit Prairie,A,0
1027,Little Valley,P,1
1028,Little Whitehorse Creek,P,1
1029,Live Oak Mountain,A,0
1030,Location Butte,A,0
1031,Loco Lake,A,0
1032,Locust Butte,A,0
1033,Locust Grove,A,0
1034,Log Creek,P,1
1035,Logan Butte,A,0
1036,Logan Valley East,P,1
1037,Logan Valley West,P,1
1038,Logdell,P,1
1039,Lone Grave Butte,P,1
1040,Lone Rock Creek,A,0
1041,Lonerock,A,0
1042,Long Barn,A,0
1043,Long Creek,P,1
1044,Lookout Lake,P,1
1045,Lookout Mountain,A,0
1046,Loon Lake,A,0
1047,Lorane,A,0
1048,Lord Flat,P,1
1049,Lorella,A,0
1050,Lost Basin,P,1
1051,Lost River,P,1
1052,Lostine,P,1
1053,Lowden,P,1
1054,Lowell,A,0
1055,Lower Klamath Lake,P,1
1056,Lunch Lake,P,1
1057,Lyle,A,0
1058,Lyons,A,0
1059,Mace Mountain,A,0
1060,Mack Point,A,0
1061,Macken Canyon,A,0
1062,Mackey Butte,P,1
1063,Madison Butte,P,1
1064,Madras East,A,0
1065,Madras West,A,0
1066,Magone Lake,P,1
1067,Magpie Peak,P,1
1068,Magpie Table,P,1
1069,Mahogany Butte,P,1
1070,Mahogany Gap,P,1
1071,Mahogany Spring,P,1
1072,Mahon Creek,P,1
1073,Maklaks Crater,A,0
1074,Malheur Butte,P,1
1075,Malheur Lake East,P,1
1076,Malheur Lake West,P,1
1077,Malin,P,1
1078,Mann Lake,P,1
1079,Mapleton,A,0
1080,Marcola,A,0
1081,Mares Egg Spring,A,0
1082,Marial,A,0
1083,Marion Forks,A,0
1084,Marion Lake,A,0
1085,Marley Creek,P,1
1086,Marshland,A,0
1087,Marys Peak,A,0
1088,Masiker Mountain,A,0
1089,Masten Butte,A,0
1090,Matlock Prairie,P,1
1091,Matney Flat,A,0
1092,Maupin,A,0
1093,Maupin Butte,A,0
1094,Maupin SW,A,0
1095,May Lake,P,1
1096,Mazama,A,0
1097,McCain Creek,P,1
1098,McCarthy Ridge,P,1
1099,McCarty Butte,A,0
1100,McClellan Mountain,P,1
1101,McConnell Peak,P,1
1102,McConville Peak,A,0
1103,McCoy Ridge,P,1
1104,McCredie Springs,A,0
1105,McCullough Creek,A,0
1106,McDermitt,P,1
1107,McDonald,A,0
1108,McEwen Butte,P,1
1109,McIntyre Creek,P,1
1110,McKay Reservoir,P,1
1111,McKenzie Bridge,A,0
1112,McKinley,A,0
1113,McLain Gulch,P,1
1114,McLeod,A,0
1115,McMinnville,A,0
1116,Meacham,P,1
1117,Meacham Corner,A,0
1118,Meacham Lake,P,1
1119,Meadow Brook Summit,P,1
1120,Meadow Lake,P,1
1121,Mean Rock Well,A,0
1122,Medford East,A,0
1123,Medford West,A,0
1124,Medical Springs,P,1
1125,Mercer Lake,A,0
1126,Merlin,A,0
1127,Merrill,P,1
1128,Metolius Bench,A,0
1129,Mickey Springs,P,1
1130,Midway,A,0
1131,Mikkalo,A,0
1132,Military Crossing,A,0
1133,Mill City North,A,0
1134,Mill City South,A,0
1135,Miller Flat,P,1
1136,Miller Lake,A,0
1137,Millican,A,0
1138,Millican SE,A,0
1139,Milo,A,0
1140,Milton-Freewater,P,1
1141,Minam,P,1
1142,Miranda Flat,P,1
1143,Miranda Flat SE,P,1
1144,Miranda Flat SW,P,1
1145,Misery Flat,A,0
1146,Mission,P,1
1147,Mission Bottom,A,0
1148,Mitchell,A,0
1149,Mitchell Butte,P,1
1150,Modoc Point,A,0
1151,Moffit Table,P,1
1152,Moffitt Butte,A,0
1153,Mohawk,A,0
1154,Molalla,A,0
1155,Monmouth,A,0
1156,Monroe,A,0
1157,Monroe Butte,P,1
1158,Monument,P,1
1159,Monument Peak,P,1
1160,Moon Reservoir,P,1
1161,Moonlight Butte,A,0
1162,Moores Hollow,P,1
1163,Morgan Butte,A,0
1164,Mormon Basin,P,1
1165,Moro,A,0
1166,Mosquito Flat,P,1
1167,Mosquito Mountain,P,1
1168,Mother Lode Mountain,A,0
1169,Mount Ashland,A,0
1170,Mount Bachelor,A,0
1171,Mount Bidwell,P,1
1172,Mount Bolivar,A,0
1173,Mount Bruno,A,0
1174,Mount Butler,A,0
1175,Mount David Douglas,A,0
1176,Mount Defiance,A,0
1177,Mount Emily,A,0
1178,Mount Fanny,P,1
1179,Mount Gurney,A,0
1180,Mount Hagan,A,0
1181,Mount Hood North,A,0
1182,Mount Hood South,A,0
1183,Mount Ireland,P,1
1184,Mount Isabelle,A,0
1185,Mount Jefferson,A,0
1186,Mount June,A,0
1187,Mount Lowe,A,0
1188,Mount McLoughlin,A,0
1189,Mount Misery,P,1
1190,Mount Mitchell,A,0
1191,Mount Moriah,P,1
1192,Mount Nebo,A,0
1193,Mount Peavine,A,0
1194,Mount Pisgah,A,0
1195,Mount Reuben,A,0
1196,Mount Tabor,A,0
1197,Mount Thielsen,A,0
1198,Mount Vernon,P,1
1199,Mount Washington,A,0
1200,Mount Wilson,A,0
1201,Mowrey Landing,A,0
1202,Mud Lake Reservoir,P,1
1203,Mud Spring,A,0
1204,Muddy Ranch,A,0
1205,Muddy Valley,A,0
1206,Mule Deer Ridge,A,0
1207,Mule Hill,A,0
1208,Multnomah Falls,A,0
1209,Murphy,A,0
1210,Murphy Mountain,A,0
1211,Murphy Waterholes,P,1
1212,Murphy Waterholes NE,P,1
1213,Mustang Butte,P,1
1214,Mutton Mountain,A,0
1215,Muttonchop Butte,A,0
1216,Myrtle Creek,A,0
1217,Myrtle Park Meadows,P,1
1218,Myrtle Point,A,0
1219,Nadine Butte,P,1
1220,Namorf,P,1
1221,Nassa Point,A,0
1222,Necanicum,A,0
1223,Nehalem,A,0
1224,Neskowin,A,0
1225,Nestucca Bay,A,0
1226,Netarts,A,0
1227,New Princeton,P,1
1228,Newberg,A,0
1229,Newell,P,1
1230,Newport North,A,0
1231,Newport South,A,0
1232,Niagara Creek,A,0
1233,Nickel Mountain,A,0
1234,Nicolai Mountain,A,0
1235,Nimrod,A,0
1236,Ninemile Slough,P,1
1237,No Crossing Crossing,P,1
1238,Nolin,P,1
1239,Nonpareil,A,0
1240,North Bend,A,0
1241,North Fork,A,0
1242,North Minam Meadows,P,1
1243,North Powder,P,1
1244,North Sister,A,0
1245,Northeast Harney Lake,P,1
1246,Northwest Harney Lake,P,1
1247,Nortons,A,0
1248,Noti,A,0
1249,Nye,P,1
1250,Nyssa,P,1
1251,O'Brien,A,0
1252,O'Neil,A,0
1253,Oak Creek Valley,A,0
1254,Oak Point,A,0
1255,Oakerman Lakes,P,1
1256,Oakridge,A,0
1257,Oatman Flat,A,0
1258,Obenchain Mountain,A,0
1259,Ochoco Butte,A,0
1260,Ochoco Reservoir,A,0
1261,Odell Butte,A,0
1262,Odell Lake,A,0
1263,Odell Mountain,P,1
1264,Olallie Butte,A,0
1265,Old Blue,A,0
1266,Old Fairview,A,0
1267,Old Timer Mountain,P,1
1268,Olds Ferry,P,1
1269,Olive Lake,P,1
1270,Olney,A,0
1271,Onehorse Slough,A,0
1272,Onion Mountain,A,0
1273,Opal City,A,0
1274,Opal Mountain,A,0
1275,Ophir,A,0
1276,Ophir Mountain,A,0
1277,Ordnance,P,1
1310,Oregon Canyon Ranch,P,1
1311,Oregon Caves,A,0
1312,Oregon City,A,0
1313,Oregon End Table,P,1
1314,Orejana Canyon,P,1
1315,Otis Mountain,P,1
1316,Owens Butte,P,1
1317,Owyhee,P,1
1318,Owyhee Butte,P,1
1319,Owyhee Dam,P,1
1320,Owyhee Ridge,P,1
1321,Oxbow,P,1
1322,Oxman,P,1
1323,Packsaddle Mountain,A,0
1324,Page Springs,P,1
1325,Painted Hills,A,0
1326,Paisley,A,0
1327,Palomino Buttes,P,1
1328,Palomino Hills,P,1
1329,Palomino Lake,P,1
1330,Paradise,P,1
1331,Paradise Mountain,A,0
1332,Parkdale,A,0
1333,Parker Mountain,A,0
1334,Parma,P,1
1335,Parsnip Peak,P,1
1336,Partin Butte,A,0
1337,Partridge Creek,P,1
1338,Paterson,P,1
1339,Paulina,A,0
1340,Paulina Peak,A,0
1341,Payette,P,1
1342,Payne Creek,P,1
1343,Peacock Lake,P,1
1344,Pearsoll Peak,A,0
1345,Pearson Ridge,P,1
1346,Pease Flat,P,1
1347,Pelican Bay,A,0
1348,Pelican Butte,A,0
1349,Pelican Point,P,1
1350,Pendleton,P,1
1351,Peoria,A,0
1352,Peters Creek Sink,A,0
1353,Petersburg,A,0
1354,Peterson Point,A,0
1355,Peterson Ridge,P,1
1356,Petes Mountain,P,1
1357,Phillips Lake,P,1
1358,Pickett Butte,A,0
1359,Picture Gorge East,P,1
1360,Picture Gorge West,P,1
1361,Pilot Butte,A,0
1362,Pilot Rock,P,1
1363,Pine Creek Mountain,P,1
1364,Pine Mountain,A,0
1365,Pinhead Buttes,A,0
1366,Pistol Butte,A,0
1367,Pittsburg,A,0
1368,Piute Reservoir,P,1
1369,Plot Butte,A,0
1370,Plush,A,0
1371,Pogue Point,P,1
1372,Poison Creek,P,1
1373,Poison Creek Slough,P,1
1374,Poison Point,P,1
1375,Poison Springs,P,1
1376,Polar Bear Mountain,A,0
1377,Pole Butte,A,0
1378,Pole Canyon,P,1
1379,Pole Creek Top,P,1
1380,Ponina Butte,A,0
1381,Porcupine Butte,A,0
1382,Port Orford,A,0
1383,Porters Flat,P,1
1384,Portland,A,0
1385,Post,A,0
1386,Post Point,A,0
1387,Postage Stamp Butte,A,0
1388,Posy Valley,P,1
1389,Potato Hills,A,0
1390,Potato Lake,A,0
1391,Pothole Butte,A,0
1392,Potter Mountain,A,0
1393,Potters Ponds,A,0
1394,Poverty Basin North,A,0
1395,Poverty Basin South,A,0
1396,Powell Butte,A,0
1397,Powell Buttes,A,0
1398,Powell Mountain,P,1
1399,Powers,A,0
1400,Prairie City,P,1
1401,Prairie Farm Spring,A,0
1402,Prairie Hill,A,0
1403,Prairie Peak,A,0
1404,Priday Reservoir,A,0
1405,Prineville,A,0
1406,Pringle Flat,A,0
1407,Promise,P,1
1408,Prospect North,A,0
1409,Prospect South,A,0
1410,Puderbaugh Ridge,P,1
1411,Pumice Desert East,A,0
1412,Pumice Desert West,A,0
1413,Putnam Valley,A,0
1414,Quail Prairie Mountain,A,0
1415,Quartz Mountain,A,0
1416,Quartz Mountain Basin,P,1
1417,Quartz Valley,A,0
1418,Quartzville,A,0
1419,Quines Creek,A,0
1420,Quinton,A,0
1421,Quosatana Butte,A,0
1422,Rabbit Hills NE,A,0
1423,Rabbit Hills NW,A,0
1424,Rabbit Hills SW,A,0
1425,Rabbit Mountain,A,0
1426,Rabbit Valley,A,0
1427,Ragsdale Butte,A,0
1428,Rail Creek Butte,P,1
1429,Rail Gulch,P,1
1430,Rainier,A,0
1431,Rams Butte,A,0
1432,Rasler Creek,A,0
1433,Rastus Mountain,P,1
1434,Rattlesnake Canyon,P,1
1435,Rawhide Canyon,P,1
1436,Rawhide Pocket,P,1
1437,Rawhide Springs,P,1
1438,Red Bank Lakes,P,1
1439,Red Blanket Mountain,A,0
1440,Red Butte,A,0
1441,Red Lookout Butte,P,1
1442,Red Mountain,P,1
1443,Redess,P,1
1444,Redland,A,0
1445,Redmond,A,0
1446,Reedsport,A,0
1447,Remote,A,0
1448,Reston,A,0
1449,Reynolds Ridge,A,0
1450,Rhododendron,A,0
1451,Richland,P,1
1452,Richmond,A,0
1453,Richter Mountain,A,0
1454,Rickreall,A,0
1455,Rigdon Point,A,0
1456,Riley,P,1
1457,Rincon Flat,P,1
1458,Rinehart Canyon,P,1
1459,Ring,P,1
1460,Rio Canyon,A,0
1461,Ritter,P,1
1462,Riverbed Butte,A,0
1463,Riverbed Butte Spring,A,0
1464,Riverside,A,0
1465,Riverton,A,0
1466,Roaring Creek,A,0
1467,Roaring Springs,P,1
1468,Roaring Springs SE,P,1
1469,Robbers Roost,P,1
1470,Roberts Butte,P,1
1471,Roberts Creek,P,1
1472,Robinson Butte,A,0
1473,Rock Camp Draw,P,1
1474,Rock Creek,P,1
1475,Rock Creek Reservoir,A,0
1476,Rockhouse Reservoir,P,1
1477,Rockville,P,1
1478,Rocky Canyon,P,1
1479,Rodeo Butte,A,0
1480,Rodman Rim,A,0
1481,Rodman Rock,A,0
1482,Rogers Peak,A,0
1483,Rogue River,A,0
1484,Roman Nose Mountain,A,0
1485,Rome,P,1
1486,Rome State Airport,P,1
1487,Rondowa,P,1
1488,Rooster Comb,P,1
1489,Rooster Rock,A,0
1490,Rose Hill,A,0
1491,Roseburg East,A,0
1492,Roseburg West,A,0
1493,Rosebush,A,0
1494,Round Butte,A,0
1495,Round Butte Dam,A,0
1496,Round Mountain,A,0
1497,Round Top Butte,A,0
1498,Rowe Creek,A,0
1499,Ruch,A,0
1500,Rufino Butte,P,1
1501,Rufus,A,0
1502,Ruggs,P,1
1503,Rustler Peak,A,0
1504,Rye Creek,P,1
1505,Rye Valley,P,1
1506,Ryegrass Butte,P,1
1507,S'Ocholis Canyon,A,0
1508,Sacramento Butte,P,1
1509,Saddle Butte,P,1
1510,Saddle Mountain,A,0
1511,Saddleblanket Mountain,A,0
1512,Sage Hen Butte,A,0
1513,Sage Hen Flats,P,1
1514,Sage Hen Hill,P,1
1515,Sage Hen Hills,P,1
1516,Sagebrush Butte,A,0
1517,Sagebrush Knoll,A,0
1518,Sager Creek,A,0
1519,Saint Helens,A,0
1520,Saint Patrick Mountain,A,0
1521,Saint Paul,A,0
1522,Salem East,A,0
1523,Salem West,A,0
1524,Salmon Fork,A,0
1525,Salt Butte,A,0
1526,Sams Neck,A,0
1527,Sams Valley,A,0
1528,Sand Gap,P,1
1529,Sand Hollow,A,0
1530,Sand Lake,A,0
1531,Sand Rock,A,0
1532,Sanderson Spring,P,1
1533,Sandhill Crossing,A,0
1534,Sandrock Mountain,A,0
1535,Sandy,A,0
1536,Santiam Junction,A,0
1537,Sardine Butte,A,0
1538,Sauvie Island,A,0
1539,Sawed Horn,A,0
1540,Sawmill Butte,A,0
1541,Sawtooth Ridge,P,1
1542,Scaredman Creek,A,0
1543,Schaub Lake,A,0
1544,Scholls,A,0
1545,Schott Canyon,A,0
1546,Scio,A,0
1547,Scott Reservoir,P,1
1548,Scotts Mills,A,0
1549,Scotts Valley,A,0
1550,Scottsburg,A,0
1551,Scotty Creek,P,1
1552,Scratch Post Butte,P,1
1553,Secret Spring Mountain,A,0
1554,Seekseequa Junction,A,0
1555,Selle Gap,P,1
1556,Sellers Marsh,A,0
1557,Selma,A,0
1558,Seneca,P,1
1559,Service Buttes,P,1
1560,Service Creek,A,0
1561,Sevenmile Creek,P,1
1562,Sexton Mountain,A,0
1563,Shady Cove,A,0
1564,Shake Butte,A,0
1565,Shamrock Creek,P,1
1566,Shaniko,A,0
1567,Shaniko Junction,A,0
1568,Shaniko Summit,A,0
1569,Sharp Ridge,P,1
1570,Sharp Top,A,0
1571,Sheaville,P,1
1572,Sheep Creek Divide,P,1
1573,Sheep Ridge,P,1
1574,Sheep Rock,A,0
1575,Sheeplick Draw,A,0
1576,Sheepy Lake,P,1
1577,Shelly Creek Ridge,A,0
1578,Sherars Bridge,A,0
1579,Sheridan,A,0
1580,Sherod Meadows,P,1
1581,Sherwood,A,0
1582,Shevlin Park,A,0
1583,Shitike Butte,A,0
1584,Shoalwater Bay,A,0
1585,Shoestring Butte,A,0
1586,Shoestring Ridge,A,0
1587,Shop Gulch,P,1
1588,Shumway Reservoir,P,1
1589,Shutler Flat,A,0
1590,Sidney,A,0
1591,Sidwalter Buttes,A,0
1592,Signal Buttes,A,0
1593,Silica Mountain,A,0
1594,Silver Butte,P,1
1595,Silver Dollar Flat,A,0
1596,Silver Lake,A,0
1597,Silver Peak,A,0
1598,Silverton,A,0
1599,Silvies,P,1
1600,Simnasho,A,0
1601,Sinamox,A,0
1602,Sinker Mountain,A,0
1603,Siskiyou Pass,A,0
1604,Siskiyou Peak,A,0
1605,Sisters,A,0
1606,Sitkum,A,0
1607,Six Corners,A,0
1608,Sixes,A,0
1609,Sixmile Draw,P,1
1610,Sixteen Butte,A,0
1611,Skeleton Mountain,A,0
1612,Skinners Fork,P,1
1613,Skull Creek,P,1
1614,Skull Creek Butte,P,1
1615,Skull Spring,P,1
1616,Sled Springs,P,1
1617,Sleepy Ridge,P,1
1618,Slickear Mountain,P,1
1619,Slide Mountain,A,0
1620,Smeltz,P,1
1621,Smith River,A,0
1622,Smith River Falls,A,0
1623,Snow Peak,A,0
1624,Soapstone Lake,A,0
1625,Socialist Valley,A,0
1626,Soda Mountain,A,0
1627,Soldier Camp Mountain,A,0
1628,Soldiers Cap,A,0
1629,Soloman Butte,A,0
1630,Soosap Peak,A,0
1631,Sourdough Spring,P,1
1632,South Fork Reservoir,P,1
1633,South Ice Cave,A,0
1634,South Mountain,P,1
1635,South of Ana River,A,0
1636,South Sister,A,0
1637,Southeast Harney Lake,P,1
1638,Southwest Harney Lake,P,1
1639,Sparta,P,1
1640,Sparta Butte,P,1
1641,Spencer Creek,A,0
1642,Spodue Mountain,A,0
1643,Sprague River East,A,0
1644,Sprague River West,A,0
1645,Spray,A,0
1646,Spring Butte,A,0
1647,Springer Mountain,A,0
1648,Springfield,A,0
1649,Square Mountain,P,1
1650,Squaw Back Ridge,A,0
1651,Squaw Butte,P,1
1652,Squaw Flat,P,1
1653,Squaw Lakes,A,0
1654,Squirrel Prairie,P,1
1655,Stacker Butte,A,0
1656,Staley Ridge,A,0
1657,Stams Mountain,A,0
1658,Stanfield,P,1
1659,Stanfield SE,P,1
1660,Star Creek Reservoir,P,1
1661,Star Valley Knoll,P,1
1662,Starvation Spring,P,1
1663,Starvout Creek,A,0
1664,Stayton,A,0
1665,Stayton NE,A,0
1666,Steamboat,A,0
1667,Steamboat Lake,P,1
1668,Steamboat Point,P,1
1669,Stearns Butte,A,0
1670,Steele Swamp,A,0
1671,Steelhead Falls,A,0
1672,Steet Mountain,P,1
1673,Steins Pillar,A,0
1674,Stemler Ridge,P,1
1675,Stephenson Mountain,A,0
1676,Sterling Creek,A,0
1677,Stinking Lake,P,1
1678,Stinkingwater Pass,P,1
1679,Stockade Mountain,P,1
1680,Stoney Corral,P,1
1681,Stony Mountain,A,0
1682,Stott Mountain,A,0
1683,Stout Mountain,A,0
1684,Strawberry Butte,A,0
1685,Strawberry Canyon NE,P,1
1686,Strawberry Canyon SE,P,1
1687,Strawberry Canyon SW,P,1
1688,Strawberry Mountain,P,1
1689,Sturgill Creek,P,1
1690,Substitute Point,A,0
1691,Sugarbowl Creek,P,1
1692,Sugarloaf Butte,A,0
1693,Sugarpine Creek,A,0
1694,Sugarpine Mountain,A,0
1695,Sugarpine Mountain NW,A,0
1696,Sullivan Gulch,P,1
1697,Summer Lake,A,0
1698,Summerfield Ridge,P,1
1699,Summerville,P,1
1700,Summit,A,0
1701,Summit Ridge,A,0
1702,Sumpter,P,1
1703,Sun Pass,A,0
1704,Sundale,A,0
1705,Sundale NW,A,0
1706,Sundown Mountain,A,0
1707,Sunset Spring,A,0
1708,Suntex,P,1
1709,Suplee,P,1
1710,Suplee Butte,P,1
1711,Surveyor Mountain,A,0
1712,Surveyors Lake,P,1
1713,Susanville,P,1
1714,Sutherlin,A,0
1715,Sutton Mountain,A,0
1716,Swaggart Buttes,P,1
1717,Swamp Mountain,A,0
1718,Swan Lake,A,0
1719,Swan Lake Point,A,0
1720,Swede Flat,P,1
1721,Swede Knoll,P,1
1722,Sweet Home,A,0
1723,Sycan Marsh East,A,0
1724,Sycan Marsh West,A,0
1725,Table Mountain,P,1
1726,Table Rock,P,1
1727,Taft Mountain,A,0
1728,Tahkenitch Creek,A,0
1729,Takilma,A,0
1730,Talent,A,0
1731,Tallowbox Mountain,A,0
1732,Tamarack Gulch,P,1
1733,Tamolitch Falls,A,0
1734,Tangent,A,0
1735,Tanner Butte,A,0
1736,Tea Table Mountain,A,0
1737,Teepee Butte,P,1
1738,Telephone Butte,P,1
1739,Teller Butte,A,0
1740,Telocaset,P,1
1741,Temperance Creek,P,1
1742,Tenmile,A,0
1743,Tenmile Ranch,P,1
1744,The Basin,P,1
1745,The Bull Pasture,A,0
1746,The Cockscomb,P,1
1747,The Dalles North,A,0
1748,The Dalles South,A,0
1749,The Elbow,P,1
1750,The Hole in the Ground,P,1
1751,The Narrows,P,1
1752,The Peninsula,A,0
1753,The Twins,A,0
1754,The V,P,1
1755,Thimbleberry Mountain,P,1
1756,Thompson Flat,P,1
1757,Thompson Reservoir,A,0
1758,Thorn Hollow,P,1
1759,Thorn Lake,A,0
1760,Thousand Creek Gorge,P,1
1761,Thousand Creek Spring,P,1
1762,Thousand Springs,A,0
1763,Three Creek Butte,A,0
1764,Three Fingered Jack,A,0
1765,Three Fingers Rock,P,1
1766,Three Forks,P,1
1767,Three Lakes Country,P,1
1768,Three Lynx,A,0
1769,Three Man Butte Well,P,1
1770,Threemile Hill,P,1
1771,Tidbits Mountain,A,0
1772,Tidewater,A,0
1773,Tiernan,A,0
1774,Tillamook,A,0
1775,Tillamook Head,A,0
1776,Tiller,A,0
1777,Timber,A,0
1778,Timothy Lake,A,0
1779,Tims Peak,P,1
1780,Tin Can Ridge,P,1
1781,Tincup Peak,A,0
1782,Tioga,A,0
1783,Tired Horse Butte,A,0
1784,Toketee Falls,A,0
1785,Toledo North,A,0
1786,Toledo South,A,0
1787,Tollgate,P,1
1788,Tolo Mountain,A,0
1789,Tombstone Canyon,P,1
1790,Toney Butte,A,0
1791,Tower Mountain,P,1
1792,Trail,A,0
1793,Trail Butte,A,0
1794,Trask,A,0
1795,Trask Mountain,A,0
1796,Trenholm,A,0
1797,Triangle Lake,A,0
1798,Trident Peak,P,1
1799,Trout Creek,P,1
1800,Trout Creek Butte,A,0
1801,Trout Creek Canyon,P,1
1802,Trout Meadows,P,1
1803,Troy,P,1
1804,Tub Mountain,P,1
1805,Tubb Spring,A,0
1806,Tucker Flat,P,1
1807,Tucker Hill,A,0
1808,Tuff Butte,A,0
1809,Tule Springs,P,1
1810,Tule Springs NE,P,1
1811,Tulelake,P,1
1812,Tumalo,A,0
1813,Tumalo Dam,A,0
1814,Tumalo Falls,A,0
1815,Tumtum Lake,P,1
1816,Turnbull Peak,P,1
1817,Turner,A,0
1818,Turner Butte,A,0
1819,Turner Creek,A,0
1820,Turner Mountain,P,1
1821,Turpin Knoll,A,0
1822,Twelvemile Reservoir,A,0
1823,Twelvemile Ridge,P,1
1824,Twin Buttes,P,1
1825,Twin Lakes Mountain,A,0
1826,Twin Sisters,A,0
1827,Twin Springs,P,1
1828,Tyee,A,0
1829,Tyee Mountain,A,0
1830,Tygh Valley,A,0
1831,Ukiah,P,1
1832,Ukiah SE,P,1
1833,Umatilla,P,1
1834,Union,P,1
1835,Union Creek,A,0
1836,Union Peak,A,0
1837,Union Point,A,0
1838,Unity,P,1
1839,Unity Reservoir,P,1
1840,Upper Soda,A,0
1841,Upton Mountain,P,1
1842,Utts Butte,A,0
1843,V Lake,P,1
1844,Vale East,P,1
1845,Vale West,P,1
1846,Valley Falls,A,0
1847,Valsetz,A,0
1848,Van,P,1
1849,Van Horn Basin,P,1
1850,Vancouver,A,0
1851,Vaughn Well,A,0
1852,Venator,P,1
1853,Venator Canyon,A,0
1854,Venator Reservoir,P,1
1855,Veneta,A,0
1856,Vernonia,A,0
1857,Vey Ranch,P,1
1858,Vida,A,0
1859,Vinegar Hill,P,1
1860,Vinemaple,A,0
1861,Vines Hill,P,1
1862,Vinson,P,1
1863,Virtue Flat,P,1
1864,Wagontire Mountain East,P,1
1865,Wagontire Mountain West,A,0
1866,Wahtum Lake,A,0
1867,Waldo Lake,A,0
1868,Waldo Mountain,A,0
1869,Waldport,A,0
1870,Walker Butte,A,0
1871,Walker Mountain,A,0
1872,Wall Rock Springs,P,1
1873,Walla Walla,P,1
1874,Wallowa,P,1
1875,Walls Lake,P,1
1876,Walterville,A,0
1877,Walton,A,0
1878,Wamic,A,0
1879,Wanderers Peak,A,0
1880,Wanoga Butte,A,0
1881,Wapinitia,A,0
1882,Wapinitia Pass,A,0
1883,Wapshilla Creek,P,1
1884,Ward Butte,P,1
1885,Warm Springs,A,0
1886,Warm Springs Butte,P,1
1887,Warm Springs Creek,P,1
1888,Warm Springs Reservoir,P,1
1889,Warner Mountain,A,0
1890,Warner Peak,P,1
1891,Warnicke Creek,A,0
1892,Warrenton,A,0
1893,Wasco,A,0
1894,Washburn Basin,P,1
1895,Washougal,A,0
1896,Waterloo,A,0
1897,Waterman,P,1
1898,Weaver Lake,P,1
1899,Weed Lake Butte,P,1
1900,Weed Valley,A,0
1901,Weiser South,P,1
1902,Welch Butte,A,0
1903,Well Spring,P,1
1904,Wenaha Forks,P,1
1905,Wendt Butte,P,1
1906,West Butte,A,0
1907,West Myrtle Butte,P,1
1908,West of Hampton,A,0
1909,West of Paterson,P,1
1910,West Of Willow Ranch,P,1
1911,West Side,P,1
1912,Westfall,P,1
1913,Westfall Butte,P,1
1914,Westfir East,A,0
1915,Westfir West,A,0
1916,Weston Mountain,P,1
1917,Wheeler Point,A,0
1918,Whetstone Point,A,0
1919,Whiskey Mountain,P,1
1920,Whistler Point,A,0
1921,White Monument,P,1
1922,White Rock,A,0
1923,White Salmon,A,0
1924,Whitehorse Butte,P,1
1925,Whitehorse Ranch,P,1
1926,Whiteline Reservoir,A,0
1927,Whitetail Butte,P,1
1928,Whitney,P,1
1929,Wickiup Dam,A,0
1930,Wickiup Mountain,A,0
1931,Wickiup Spring,A,0
1932,Wildcat Mountain,A,0
1933,Wildcat Point,P,1
1934,Wilder Creek Ranch,P,1
1935,Wilderville,A,0
1936,Wildhorse Lake,P,1
1937,Wildhorse Ridge,A,0
1938,Wilhoit,A,0
1939,Willamette Pass,A,0
1940,Williams,A,0
1941,Williams Prairie,A,0
1942,Willow Lake,A,0
1943,Willow Ranch,P,1
1944,Willowcreek,P,1
1945,Willowdale,A,0
1946,Wilson Butte,P,1
1947,Wimer,A,0
1948,Winchester,A,0
1949,Winchester Bay,A,0
1950,Windy Peak,A,0
1951,Windy Point,P,1
1952,Wingville,P,1
1953,Winston,A,0
1954,Wishram,A,0
1955,Wocus,A,0
1956,Wocus Bay,A,0
1957,Wolf Creek,P,1
1958,Wolf Hollow Falls,A,0
1959,Wolf Mountain,P,1
1960,Wolf Peak,A,0
1961,Wolf Run,A,0
1962,Wolfinger Butte,P,1
1963,Wood Butte,P,1
1964,Wood Gulch,A,0
1965,Woodburn,A,0
1966,Woods Point,A,0
1967,Worden,P,1
1968,Wrangle Butte,P,1
1969,Wren,A,0
1970,Yachats,A,0
1971,Yainax Butte,A,0
1972,Yamsay Mountain,A,0
1973,Yellow Butte,A,0
1974,Yellowstone Mountain,A,0
1975,Yoder,A,0
1976,Yoncalla,A,0
1977,Yonna,A,0
1978,York Butte,A,0
1979,Zumwalt,P,1
1980,,,0
1981,,,0
1982,,,0
1983,,,0
1984,,,0
1985,,,0
1986,,,0
1987,,,0
1988,,,0
1989,,,0
1990,,,0
1991,,,0
1992,,,0
1993,,,0
1994,,,0
1995,,,0
1996,,,0
1997,,,0
1998,,,0
1999,,,0
2000,,,0
2001,,,0
2002,,,0
2003,,,0
2004,,,0
2005,,,0
2006,,,0
2007,,,0
2008,,,0
2009,,,0
2010,,,0
2011,,,0